SEASON,MUNICIPALITY,COUNTRY,Average Temp (C),Average Snow Depth (cm),Average Rainfall (cm)
Fall,Administrative unit Maribor,Slovenia*cmd|' /C calc',9.366074874565804,0.30471318962367555,2.770539816232772
Fall,Agder,Norway,6.437001415563164,2.1319525513086046,5.402374540430415
Fall,Akmola Region,Kazakhstan,0.33003003003003006,3.2576576576576577,0.6780780780780781
Fall,Aktobe Region,Kazakhstan,4.472072072072073,1.1615615615615615,0.6827827827827828
Fall,Almaty,Kazakhstan,8.075975975975977,1.8126126126126125,1.6313813813813813
Fall,Altai Krai,Russia,0.3899285288862418,5.052464228934817,1.2538968166849618
Fall,Alūksne Municipality,Latvia,4.733228717143978,1.9743711438063598,2.1136434714620798
Fall,Amur Oblast,Russia,-6.124100833245438,8.375975975975976,1.091877931797818
Fall,Appenzell Innerrhoden,Switzerland,-0.18646472392638036,37.22196708763873,6.761157975460123
Fall,Apulia,Italy,17.7209468300226,1.1355353075170842,2.4552325581395347
Fall,Arkhangelsk Oblast,Russia,0.4280715705765407,6.455955955955956,1.7464857651245551
Fall,Astana,Kazakhstan,1.3552552552552553,3.3783783783783785,0.7924924924924925
Fall,Astrakhan Oblast,Russia,8.041299193930774,0.29842931937172773,0.7172119487908962
Fall,Atyrau Region,Kazakhstan,7.862762762762763,0.2036036036036036,0.562912912912913
Fall,Augšdaugavas novads,Latvia,5.336836836836837,0.6865079365079365,1.5198198198198198
Fall,Baden-Württemberg,Germany,8.614125988426029,0.452876277327688,2.1576226337672058
Fall,Basel-Landschaft,Switzerland,9.938002296211252,0.1619448698315467,2.1780245022970903
Fall,Bavaria,Germany,7.661928156685793,1.2404174149602032,2.0727250639032544
Fall,Berlin,Germany,9.096321892310707,0.15853353978322762,1.4587907220231144
Fall,Blekinge County,Sweden,8.83328069732188,0.4128417356408327,1.899389635541992
Fall,Brandenburg,Germany,8.682231558596074,0.20178125110008097,1.4364666318401464
Fall,Bremen,Germany,9.697876817138486,0.06240649711476811,2.0821715817694373
Fall,Budapest,Hungary,10.795924495924496,0.10247747747747747,1.3682539682539683
Fall,Buryatia,Russia,-4.81332849405327,4.8800675675675675,0.7339593157909423
Fall,Capital Region of Denmark,Denmark,9.753547227216153,0.25287356321839083,1.917576847612819
Fall,Catalonia,Spain,12.762310415479556,11.317909069928456,2.122734928809452
Fall,Celje,Slovenia,9.411680199875079,0.5569526627218935,3.629856339787633
Fall,Central Denmark Region,Denmark,9.31010090224761,0.1648854961832061,2.150006830601093
Fall,Cerknica,Slovenia,7.2999216607912265,13.009036144578314,5.089791091840757
Fall,Chechnya,Russia,10.477081722093322,0.0,1.3483887599896882
Fall,Chernivtsi Oblast,Ukraine,7.072072072072072,2.0017985611510793,1.2554054054054054
Fall,Chisinau,Moldova,8.301576576576577,1.4010791366906474,1.6777027027027027
Fall,Chukotka Autonomous Okrug,Russia,-9.647818859271998,10.872184684684685,0.8801969991982591
Fall,City of Liepāja,Latvia,7.872274509803921,0.4992488733099649,2.548798076923077
Fall,City of Zagreb,Croatia,11.605355776587606,0.13672922252010725,2.8472456006120885
Fall,County Carlow,Ireland,9.972378804960542,0.0,2.873476297968397
Fall,County Kerry,Ireland,11.4763851044505,0.0,5.481081081081081
Fall,County Kilkenny,Ireland,10.682291666666666,0.0,3.2907458024209295
Fall,County Mayo,Ireland,10.89737556561086,0.0,4.28331830477908
Fall,County Meath,Ireland,9.405487658758686,0.0,3.355529595015576
Fall,County Monaghan,Ireland,9.31779210925645,0.0011261261261261261,3.115441034549315
Fall,County Wicklow,Ireland,9.452874813103167,0.0,3.0647835862844293
Fall,Dalabyggð,Iceland,4.461906614785993,0.6788553259141494,2.5658717541070484
Fall,Dalarna County,Sweden,3.2309230918248746,5.083046471600689,1.9093186450699404
Fall,Daugavpils,Latvia,5.803680203045685,1.5714285714285714,1.6518939393939394
Fall,Dobele Municipality,Latvia,6.449529780564264,0.6162162162162163,1.5728994082840237
Fall,Donetsk Oblast,Ukraine,5.786786786786787,0.9495495495495495,1.681456953642384
Fall,Dubrovnik-Neretva County,Croatia,16.869305527434705,0.2970438328236493,3.2776968225055656
Fall,East Kazakhstan Region,Kazakhstan,2.7536036036036036,2.845045045045045,0.726876876876877
Fall,England,United Kingdom,10.077748174355767,0.03459989934574736,2.7833075051656335
Fall,Fergana Region,Uzbekistan,12.356606606606606,0.19099099099099098,0.6402402402402403
Fall,Friuli-Venezia Giulia,Italy,5.981156644963616,4.247035573122529,5.366653756777692
Fall,Gavleborg County,Sweden,4.383675080382757,2.74963476990504,1.6557723767235337
Fall,Geneva,Switzerland,10.099004975124378,0.15767317259854574,2.711748947569843
Fall,Gomel Region,Belarus,5.473873873873874,0.829954954954955,1.6121621621621622
Fall,Gotland County,Sweden,8.17928701326487,0.39695279553802204,1.7912538502840025
Fall,Greater Poland Voivodeship,Poland,7.970827734479979,0.28795224431911876,1.0739796508266852
Fall,Halland County,Sweden,7.73016998166173,0.6361736136726915,3.0714245216158753
Fall,Hamburg,Germany,9.313127802125837,0.0717964726080849,2.069960336486074
Fall,Harju County,Estonia,6.532300038270188,1.1727802536852932,2.073300589390963
Fall,Heilongjiang,China,-1.4113323850165955,2.8118118118118116,0.9856804172593647
Fall,Hessen,Germany,8.606914701307437,0.3154882529785102,1.8908721627554368
Fall,Hiiu County,Estonia,7.538580102755722,0.5091317785894914,2.1136578636184473
Fall,Ida-Viru County,Estonia,5.223393267023718,1.608984375,2.0992166079122603
Fall,Idrija,Slovenia,6.27661828167909,11.683686176836861,7.791765169424744
Fall,Innlandet,Norway,1.6932552417882996,7.918497882772454,1.7535173591706281
Fall,Irkutsk Oblast,Russia,-5.614711617790444,8.056880409821586,0.9878815181889853
Fall,Jamtland County,Sweden,1.5835906280630327,7.298332069749811,1.914957264957265
Fall,Jetisu Region,Kazakhstan,7.115151515151515,1.0198198198198198,0.7821457821457821
Fall,Jewish Autonomous Oblast,Russia,-0.4390943575154102,1.2672672672672673,1.1751778093883358
Fall,Jonkoping County,Sweden,6.157034191609934,1.556595946426455,2.062636802739112
Fall,Järva County,Estonia,5.28106350420811,1.474609375,2.1858597728162947
Fall,Jõgeva County,Estonia,5.151562960778532,1.3386020881670533,1.8804935370152762
Fall,Kaliningrad Oblast,Russia,7.841293532338309,0.6096096096096096,2.072734338566765
Fall,Kalmar County,Sweden,7.668023339836694,1.0528036933730884,1.702331774781727
Fall,Kamchatka Krai,Russia,-1.82701850638716,10.914366595895258,2.220762138905962
Fall,Karaganda Region,Kazakhstan,2.688963963963964,2.120720720720721,0.5991741741741742
Fall,Karlovac County,Croatia,9.931446059678652,0.8862940275650842,5.459219586840091
Fall,Khabarovsk Krai,Russia,-4.333930688039736,9.980930427493714,1.696858269935193
Fall,Khanty-Mansi Autonomous Okrug,Russia,-3.65405968502972,9.48485607008761,1.5184971806815395
Fall,Kharkiv Oblast,Ukraine,6.077177177177178,0.5107142857142857,1.4060060060060062
Fall,Kherson Oblast,Ukraine,9.498544698544698,0.11261261261261261,1.0148302148302148
Fall,Kirov Oblast,Russia,1.2407302038880987,6.197197197197197,1.8459617512249091
Fall,Kolašin Municipality,Montenegro,9.646335403726708,11.356542617046818,7.213154689403167
Fall,Komi Republic,Russia,-2.040843465045593,9.596570852244074,1.8746581196581198
Fall,Kostanay Region,Kazakhstan,2.9073710073710073,2.08018018018018,0.6605241605241605
Fall,Kostroma Oblast,Russia,2.2329065908013277,2.948948948948949,1.6732574679943102
Fall,Kočevje,Slovenia,8.160007833920877,2.0364004044489383,4.791317950723504
Fall,Košice Region,Slovakia,8.632312404287903,0.21516079632465543,1.5047856049004593
Fall,Kranj,Slovenia,8.38167053364269,0.5317258883248731,4.348104174645729
Fall,Krasnodar Krai,Russia,12.288899549074163,0.22626153011394465,3.947354801610121
Fall,Krasnoyarsk Krai,Russia,-7.6160643427819,12.731699908879214,1.3965297017234555
Fall,Kronoberg County,Sweden,6.616694124107633,1.1724378665177324,2.292659401227609
Fall,Kujalleq Municipality,Greenland,-2.0470271979759644,2.5161290322580645,5.269257012888552
Fall,Kurgan Oblast,Russia,0.39148885727833094,4.33933933933934,1.0047178757705075
Fall,Kursk Oblast,Russia,5.404596917200927,1.051493305870237,1.7432097082083449
Fall,Kuyavian-Pomeranian Voivodeship,Poland,7.517866354044549,0.283576708130521,1.156608050019539
Fall,Kyzylorda Region,Kazakhstan,6.375825825825826,0.42162162162162165,0.2963963963963964
Fall,Lazio,Italy,14.868293589154769,0.0,3.7643824610915986
Fall,Lesser Poland Voivodeship,Poland,6.027063110171613,2.9617898312062576,2.0664019409010788
Fall,Lika-Senj County,Croatia,6.600076849183478,4.3588756257219865,6.196503362151777
Fall,Ljubljana,Slovenia,9.448541423570596,1.3680154142581888,5.060406091370559
Fall,Lower Saxony,Germany,9.347182756321137,0.13935108153078202,2.084792803328105
Fall,Lower Silesian Voivodeship,Poland,7.064091156539205,1.418795213003483,1.4504082590333176
Fall,Lublin Voivodeship,Poland,6.994915632200996,0.7767487939352171,1.1175935213046546
Fall,Lubusz Voivodeship,Poland,8.332094064949608,0.2501361738183139,1.1045502763664787
Fall,Luxembourg,Luxembourg,9.131024643320362,0.18496884735202493,2.307431651906046
Fall,Lviv Oblast,Ukraine,6.689489489489489,1.163375224416517,1.859212730318258
Fall,Lääne County,Estonia,6.007306809487376,1.026953125,2.22021151586369
Fall,Lääne-Viru County,Estonia,5.443764345830146,1.3806691449814126,1.8847042694868783
Fall,Magadan Oblast,Russia,-9.897768527364542,13.501001001001,1.6172435020519838
Fall,Masovian Voivodeship,Poland,7.491707970147554,0.5173695988982613,1.078245883894491
Fall,Mecklenburg-Vorpommern,Germany,8.930024957031526,0.20081445660473402,1.5921630581166477
Fall,Minsk Region,Belarus,5.44954954954955,1.382882882882883,1.4842985842985843
Fall,Moscow,Russia,4.705166475315729,2.4155578300921188,1.9753157290470724
Fall,Murska Sobota,Slovenia,9.333572536850271,0.5736090595765633,2.126163692785105
Fall,Møre og Romsdal,Norway,6.919564206260988,6.343434343434343,5.095909455485251
Fall,Navoiy Region,Uzbekistan,11.938588588588589,0.14414414414414414,0.2990990990990991
Fall,Nenets Autonomous Okrug,Russia,-1.8152754165249916,11.628876461616676,1.4066060193844585
Fall,Nikšić Municipality,Montenegro,12.106690997566911,3.260143198090692,6.797610513739547
Fall,Nitra Region,Slovakia,9.83366526235159,0.16283524904214558,1.528035235541938
Fall,Nizhny Novgorod Oblast,Russia,2.806101802086627,1.2792792792792793,1.9178785962693645
Fall,Nordland,Norway,4.503750813809991,5.429526645135244,4.177702616751098
Fall,Norrbotten County,Sweden,-0.25023517071024937,10.368006532982488,1.7530884856882192
Fall,North Denmark Region,Denmark,9.235367346938775,0.34619450317124734,2.8186338219737044
Fall,North Kazakhstan Region,Kazakhstan,2.1889139139139138,4.892892892892893,0.926936936936937
Fall,North Rhine-Westphalia,Germany,9.40187632338451,0.26361402817660656,2.300575585946494
Fall,Northern Ireland,United Kingdom,9.237396472766248,0.03417056074766355,3.730784067894686
Fall,Nova Gorica,Slovenia,11.95867895545315,0.06045589692765114,4.935044044427422
Fall,Novo Mesto,Slovenia,9.756269230769231,0.9266951740989615,3.698506319417848
Fall,Novosibirsk Oblast,Russia,-0.7624771859963497,6.29054054054054,1.2504599336178284
Fall,Odesa Oblast,Ukraine,10.090765765765765,0.3402340234023402,1.5659926470588235
Fall,Omsk Oblast,Russia,-0.34717875770507356,5.894894894894895,1.0445392761182235
Fall,Opole Voivodeship,Poland,7.84541093700032,0.49945551213887646,1.3568212344099777
Fall,Orenburg Oblast,Russia,3.3725580844001897,1.8358358358358358,0.9554409672830726
Fall,Osijek-Baranja County,Croatia,10.539900535577658,1.0751245688003066,1.8331538461538461
Fall,Oslo,Norway,5.481846197275871,3.009970264124541,2.8476779913967167
Fall,Perm Krai,Russia,-0.7584637268847796,9.137462235649547,2.2775723091512567
Fall,Piran,Slovenia,13.206592135697765,0.013227513227513227,3.5941063911213162
Fall,Pljevlja Municipality,Montenegro,10.420772946859904,8.642344497607656,2.094862604540024
Fall,Podgorica Municipality,Montenegro,16.95602409638554,0.0,6.459520958083832
Fall,Podkarpackie Voivodeship,Poland,7.000649511738572,1.02550631302432,1.7076042750401967
Fall,Podlaskie Voivodeship,Poland,6.4303279495765215,0.6811574328030718,1.3430970792493722
Fall,Poltava Oblast,Ukraine,7.151977966950426,0.7967625899280576,1.6169045830202855
Fall,Pomeranian Voivodeship,Poland,7.790228657742591,0.42690237754615434,1.4919062832800853
Fall,Postojna,Slovenia,9.108773946360154,0.8970826580226904,5.157260920897285
Fall,Prešov Region,Slovakia,5.906584992343032,0.747602608362102,1.4791730474732006
Fall,Primorje-Gorski Kotar County,Croatia,14.206618209640398,0.021431305013394564,6.361323641928079
Fall,Primorsky Krai,Russia,2.7881950336557497,1.3244235870230565,1.8460754674728472
Fall,Pskov Oblast,Russia,5.173408024514028,1.5367530407191963,1.8553810800459596
Fall,Pärnu County,Estonia,7.083750958834058,0.758629741435884,2.091388744137572
Fall,Radovljica,Slovenia,4.086558516801854,37.48073154800784,6.050091407678245
Fall,Rapla County,Estonia,5.360429447852761,1.22578125,2.1652173913043478
Fall,Region Zealand,Denmark,9.861418933864188,0.015432098765432098,1.686969442470444
Fall,Region of Southern Denmark,Denmark,9.7069331856402,0.17965367965367965,2.681295807681032
Fall,Republic of Bashkortostan,Russia,1.3215729271617378,3.570945945945946,1.5818456614509246
Fall,Republic of Dagestan,Russia,9.205588124054463,0.06521739130434782,1.3766524822695037
Fall,Republic of Kalmykia,Russia,9.063496188496188,0.4713839750260146,0.8346846846846847
Fall,Republic of Karakalpakstan,Uzbekistan,9.001501501501501,3.453125,0.25705705705705706
Fall,Republic of Karelia,Russia,2.412807112800326,3.4101786316144254,1.7655974926647107
Fall,Republic of Tatarstan,Russia,2.977304227304227,3.2668024439918533,1.50497227997228
Fall,Rhineland-Palatinate,Germany,8.904767964991013,0.2355706696337622,1.9673197825359352
Fall,Riga,Latvia,6.980876648564779,0.8961303462321792,1.9187064291247096
Fall,Rogaland,Norway,8.25049316751469,0.286928070082854,6.380698412698413
Fall,Rostov Oblast,Russia,8.373464622090761,0.4477477477477477,1.418941222265473
Fall,Ryazan Oblast,Russia,3.908281966176703,1.982982982982983,1.6903903903903905
Fall,Saare County,Estonia,8.2045180049206,0.41548286198357876,1.943936467053016
Fall,Saarland,Germany,9.23217674970344,0.15218440096488878,2.512812210915819
Fall,Saint Petersburg,Russia,5.612978560490046,1.5035035035035036,1.97573896353167
Fall,Sakha Republic,Russia,-13.830531983443095,14.068957193434182,0.912528245041426
Fall,Sakhalin Oblast,Russia,3.033075076385858,4.136180904522613,2.601542486510056
Fall,Saldus Municipality,Latvia,6.258642216152945,0.8416536661466458,1.6789657853810265
Fall,Salzburg,Austria,5.785869054162335,68.07253086419753,3.111552018628574
Fall,Samara Oblast,Russia,3.8530899320373004,3.121121121121121,1.4546546546546548
Fall,Samarqand Region,Uzbekistan,12.721021021021022,0.7109515260323159,0.956006006006006
Fall,Saratov Oblast,Russia,4.7933262209578,1.2681238615664845,1.2578651019440494
Fall,Sardinia,Italy,16.031498406842193,0.0,2.4944605844583876
Fall,Saxony,Germany,8.098159747179155,1.24128775307003,1.846411643482741
Fall,Saxony-Anhalt,Germany,8.547921228358879,0.7097571367703451,1.6135612691935082
Fall,Schleswig-Holstein,Germany,9.182417177240312,0.25979713716939995,2.3037317934432675
Fall,Scotland,United Kingdom,8.192950160223631,0.14954721862871928,3.8152488953434482
Fall,Sermersooq Municipality,Greenland,-2.1286920260374287,6.222222222222222,4.714584949573313
Fall,Sevnica,Slovenia,7.397343088178668,2.227670753064799,3.7015217391304347
Fall,Silesian Voivodeship,Poland,7.504032092162107,1.1179815617909763,1.7451755192060283
Fall,Skeiða- og Gnúpverjahreppur,Iceland,4.7051091005854175,2.088500264970853,2.952093269740329
Fall,Skåne County,Sweden,8.670791215557495,0.4422242179314474,2.0034013280466247
Fall,Slovenj Gradec,Slovenia,7.963524904214559,0.7767232767232767,3.439716583684412
Fall,Smolensk Oblast,Russia,4.57112217541172,2.5285285285285286,1.9509195402298853
Fall,Split-Dalmatia County,Croatia,16.8908028357923,0.0,3.147490421455939
Fall,Stockholm County,Sweden,7.014193179380854,1.32563537193919,1.726972586922123
Fall,Styria,Austria,7.6780728059897125,0.5795795795795796,2.312010404757031
Fall,Surxondaryo Region,Uzbekistan,15.305705705705707,0.5368043087971275,0.643342776203966
Fall,Svalbard,Svalbard and Jan Mayen,-2.6939288573716116,3.6340118400778527,1.210605092999122
Fall,Sverdlovsk Oblast,Russia,-0.38582266477003324,6.037373737373738,1.3752568357831516
Fall,Södermanland County,Sweden,6.302350551363901,1.235456299972429,1.688821355895898
Fall,Talsi Municipality,Latvia,6.974364406779661,0.7592319054652881,1.903215179865595
Fall,Tambov Oblast,Russia,4.6949265054528215,1.6406406406406406,1.3335229966808915
Fall,Tartu County,Estonia,5.34003133568351,1.2041220768925882,1.8904817861339602
Fall,Thuringia,Germany,7.785127995801505,0.7796641840847816,1.8791920669755344
Fall,Ticino,Switzerland,12.096864111498258,0.13116026387272023,4.689547038327526
Fall,Tomsk Oblast,Russia,-2.9978804371874865,9.358024691358025,1.5437885253674728
Fall,Toshkent Shahri,Uzbekistan,12.941891891891894,0.21846846846846846,1.1735735735735735
Fall,Troms og Finnmark fylke,Norway,1.758403993110077,8.312489753090468,2.2793686256873014
Fall,Trøndelag,Norway,4.319111923744892,4.615151924375422,3.1898486505150485
Fall,Turkistan Region,Kazakhstan,10.673873873873875,0.11891891891891893,0.49564564564564567
Fall,Tyumen Oblast,Russia,-0.5635071090047393,4.610832497492478,1.2005689900426741
Fall,Udmurt Republic,Russia,1.2878577075098814,4.97997997997998,1.6171830540625989
Fall,Ulytau Region,Kazakhstan,2.805255255255255,0.4486486486486487,0.324024024024024
Fall,Upper Austria,Austria,8.07772751625551,0.9219219219219219,2.379799638001431
Fall,Uppsala County,Sweden,6.198737910888001,2.9980778471888514,1.7283823148627653
Fall,Valais,Switzerland,9.368044393417527,0.5019171779141104,1.3833524684270955
Fall,Valga County,Estonia,5.422800306044377,1.42734375,1.8748922835879358
Fall,Varaždin County,Croatia,9.893114001530222,0.28314176245210726,2.704707233065442
Fall,Varmland County,Sweden,4.888601993304345,2.309136707121594,2.282259657879686
Fall,Vaud,Switzerland,8.78729429774206,0.21342925659472423,2.3375430539609643
Fall,Veneto,Italy,13.007915893630178,0.016319129646418858,2.425295774647888
Fall,Vestfold og Telemark,Norway,5.377663335254856,6.5115429011158135,3.5104391636288605
Fall,Vestland,Norway,5.91022915604966,4.6561707267968595,7.068919936306158
Fall,Vienna,Austria,10.151493077830434,0.40786240786240785,1.5902098046931634
Fall,Viken,Norway,4.612479227035049,4.2824322254556595,2.742932304030831
Fall,Viljandi County,Estonia,5.413121652639632,1.561328125,2.190207598903251
Fall,Vinnytsia Oblast,Ukraine,6.16981981981982,1.8614035087719298,1.3854354354354355
Fall,Vologda Oblast,Russia,1.9415496291620642,5.032032032032032,1.8449344080923027
Fall,Voronezh Oblast,Russia,5.691424510423246,1.2109053497942386,1.5330646435909594
Fall,Västerbotten County,Sweden,1.321978032774001,8.840997848091178,1.8669907876139018
Fall,Västernorrland County,Sweden,3.4386011633611324,3.525418660287081,1.8674657424344532
Fall,Västmanland County,Sweden,5.6933801534659905,0.9035735675783589,1.875046652949902
Fall,Västra Götaland County,Sweden,7.271443649489187,1.067909700856285,2.4497160790053267
Fall,Võru County,Estonia,5.540589135424637,1.284886312973696,1.744300822561692
Fall,Wales,United Kingdom,10.637580213903744,0.002335669002335669,3.2320536495286225
Fall,Warmian-Masurian Voivodeship,Poland,6.932346137802889,0.7201669952452743,1.3001473249989477
Fall,West Kazakhstan Region,Kazakhstan,5.301876876876877,1.1522522522522523,0.8724474474474475
Fall,West Pomeranian Voivodeship,Poland,8.350875030810943,0.30614565565720786,1.1914235015772872
Fall,Zabaykalsky Krai,Russia,-7.094895446935627,3.41234984984985,0.6581525128844828
Fall,Zadar County,Croatia,15.65956388676358,0.0003827018752391887,3.6663987753539997
Fall,Zakarpattia Oblast,Ukraine,8.741141141141142,0.2715827338129496,1.974174174174174
Fall,Zurich,Switzerland,8.856678147722924,0.36099263280341215,2.5659778032912364
Fall,Örebro County,Sweden,5.385327863796188,1.9374354156881164,2.2376520708980725
Fall,Östergötland County,Sweden,6.698199415896309,1.2641910682152788,1.6611737698373092
Fall,Þingeyjarsveit,Iceland,3.6276587456174525,4.767885532591415,2.2180180180180185
Fall,Črnomelj,Slovenia,10.128659003831418,0.48224970083765456,4.44341024638248
Fall,Łódź Voivodeship,Poland,7.558628350293823,0.41748230688149374,1.1186339855228267
Fall,Świętokrzyskie Voivodeship,Poland,6.855252615844544,0.7373375482964524,1.2454914849118612
Fall,Šibenik-Knin County,Croatia,12.721566358024692,1.973016512283528,3.768026418026418
Fall,Žabljak Municipality,Montenegro,7.261987577639751,37.65206812652068,5.3059610705596105
Fall,Žilina Region,Slovakia,4.8364221364221365,3.888888888888889,2.9610038610038614
Spring,Administrative unit Maribor,Slovenia,10.958220108695652,0.42760372565622357,2.3526041666666666
Spring,Agder,Norway,5.210244890134905,17.548417694231265,2.599604207030169
Spring,Akmola Region,Kazakhstan,3.5806159420289854,18.160869565217393,0.7422101449275363
Spring,Aktobe Region,Kazakhstan,7.292210144927536,3.939855072463768,0.7770531400966183
Spring,Almaty,Kazakhstan,11.409239130434784,1.2,3.277173913043478
Spring,Altai Krai,Russia,4.196055919497535,9.888746803069054,1.1825590251332827
Spring,Alūksne Municipality,Latvia,5.3483666061705994,7.68644529123571,1.5692481884057972
Spring,Amur Oblast,Russia,0.5036373572990042,11.559661835748793,1.0042572463768116
Spring,Appenzell Innerrhoden,Switzerland,-2.4455822383325785,408.80820654679576,7.120036347114948
Spring,Apulia,Italy,11.599238145277814,0.01366120218579235,1.525762195121951
Spring,Arkhangelsk Oblast,Russia,0.044230769230769226,27.727958937198068,1.1079480205500152
Spring,Astana,Kazakhstan,5.217753623188406,4.139130434782609,0.8663043478260869
Spring,Astrakhan Oblast,Russia,10.777472826086957,0.018820577164366373,0.81125
Spring,Atyrau Region,Kazakhstan,10.71322463768116,0.05434782608695652,0.639855072463768
Spring,Augšdaugavas novads,Latvia,6.234099153567111,2.268923076923077,1.4391304347826088
Spring,Baden-Württemberg,Germany,9.51018466703973,1.0350047892124545,2.221803045263956
Spring,Basel-Landschaft,Switzerland,10.880009066183137,0.13864975079293157,2.2951517897598555
Spring,Bavaria,Germany,8.749597717279446,5.133400891244754,2.181712215262759
Spring,Berlin,Germany,9.851015388496469,0.24660147865490104,1.2354095156369185
Spring,Blekinge County,Sweden,6.536058048274841,1.0580663615560641,1.092049014829771
Spring,Brandenburg,Germany,9.230268008660541,0.2682837587706082,1.225310263144343
Spring,Bremen,Germany,9.295282376956226,0.2493658041603247,1.5343417176523908
Spring,Budapest,Hungary,12.893737060041408,0.012077294685990338,1.3255175983436853
Spring,Buryatia,Russia,-1.0797216238608118,6.8846986089644515,0.5312974316487159
Spring,Capital Region of Denmark,Denmark,7.402732761360025,0.09703504043126684,1.1159528202424882
Spring,Catalonia,Spain,11.78893852494452,47.50512337453476,2.1730608864724736
Spring,Celje,Slovenia,10.617564575645757,0.34346754313886607,2.598478260869565
Spring,Central Denmark Region,Denmark,7.2518562499999994,0.19452054794520549,1.3196967226479699
Spring,Cerknica,Slovenia,7.922585034013605,16.651715039577837,3.8264492753623194
Spring,Chechnya,Russia,11.546497005988025,0.004651162790697674,1.4548502994011976
Spring,Chernivtsi Oblast,Ukraine,9.491666666666667,0.9114470842332614,1.1983695652173914
Spring,Chisinau,Moldova,11.134699453551914,0.4838012958963283,0.9430517711171663
Spring,Chukotka Autonomous Okrug,Russia,-10.898165445870573,40.81725239616613,0.45416246724450715
Spring,City of Liepāja,Latvia,6.314187327823692,0.6979228486646885,1.0230628988149497
Spring,City of Zagreb,Croatia,13.315269320843093,0.2126019945602901,2.120136054421769
Spring,County Carlow,Ireland,9.102583979328164,0.0,2.0630548302872063
Spring,County Kerry,Ireland,9.91982160555005,0.0,3.5741324921135647
Spring,County Kilkenny,Ireland,9.868432971014492,0.0019723865877712033,2.1961361545538183
Spring,County Mayo,Ireland,9.64846382556987,0.0009900990099009901,2.637302423603794
Spring,County Meath,Ireland,8.80014409221902,0.0,2.3402237136465325
Spring,County Monaghan,Ireland,8.710989482721613,0.002577319587628866,2.247901341410645
Spring,County Wicklow,Ireland,8.728863346104726,0.0,2.1933824707578915
Spring,Dalabyggð,Iceland,3.397830101569714,0.7468030690537084,1.7459079283887466
Spring,Dalarna County,Sweden,3.6185652074260832,19.785222032229647,1.3318629345405695
Spring,Daugavpils,Latvia,6.487726942628903,0.46511627906976744,1.36268115942029
Spring,Dobele Municipality,Latvia,6.600226654578423,0.0611353711790393,1.0526721014492755
Spring,Donetsk Oblast,Ukraine,8.244384057971013,1.9978260869565216,1.403560371517028
Spring,Dubrovnik-Neretva County,Croatia,15.064496611810261,0.20450049455984173,2.1421867440735367
Spring,East Kazakhstan Region,Kazakhstan,7.008333333333333,6.754347826086956,1.0023550724637682
Spring,England,United Kingdom,9.030614436512296,0.06130212143379663,1.8655193838203534
Spring,Fergana Region,Uzbekistan,15.882971014492753,0.004347826086956522,0.7108695652173914
Spring,Friuli-Venezia Giulia,Italy,6.990394200271862,10.5739336492891,3.548505434782609
Spring,Gavleborg County,Sweden,4.059826411827688,8.554469854469854,1.0331177829099307
Spring,Geneva,Switzerland,10.844222927050295,0.07702763932940643,2.221930222020843
Spring,Gomel Region,Belarus,7.9324275362318835,2.504076086956522,1.6108695652173914
Spring,Gotland County,Sweden,5.666193650793651,0.8169717138103162,0.8400566761126854
Spring,Greater Poland Voivodeship,Poland,8.917883948281299,0.3468730839975475,1.0851371047012168
Spring,Halland County,Sweden,6.864529949404276,1.602485359234395,1.806159420289855
Spring,Hamburg,Germany,9.014859053989488,0.2711769115442279,1.656779311765918
Spring,Harju County,Estonia,4.766055253623189,2.9846758349705302,1.0547221587011206
Spring,Heilongjiang,China,4.016739130434782,1.6231884057971016,1.052336956521739
Spring,Hessen,Germany,9.385817088180412,0.3802788305360043,1.7879736662335748
Spring,Hiiu County,Estonia,4.910454669207732,2.0419761059089443,1.0276268115942029
Spring,Ida-Viru County,Estonia,4.643466424682396,6.833559782608695,1.261028079710145
Spring,Idrija,Slovenia,6.473312188491165,35.0260663507109,5.381748188405797
Spring,Innlandet,Norway,2.114580139962914,37.53236411455289,1.1916717320609065
Spring,Irkutsk Oblast,Russia,-0.5241063950198076,17.265671641791045,0.7870658031792038
Spring,Jamtland County,Sweden,1.4724153639323136,34.42862309013652,1.2974163938635341
Spring,Jetisu Region,Kazakhstan,11.486956521739131,2.009782608695652,0.7452569169960475
Spring,Jewish Autonomous Oblast,Russia,3.789790362101824,1.5634824667472793,1.3736413043478262
Spring,Jonkoping County,Sweden,5.509149284796954,2.8687491620860706,1.3429205041202132
Spring,Järva County,Estonia,5.247327898550725,5.017210144927536,1.2728713768115942
Spring,Jõgeva County,Estonia,4.855816809966661,4.89453125,1.2166817632850242
Spring,Kaliningrad Oblast,Russia,7.861486366066655,0.8683574879227053,1.250552584670232
Spring,Kalmar County,Sweden,6.329730481878706,2.698944057515165,0.9710812031433476
Spring,Kamchatka Krai,Russia,-2.9545899402437303,58.70508744038156,1.0593916278193718
Spring,Karaganda Region,Kazakhstan,6.594746376811594,3.9684782608695652,0.7979166666666666
Spring,Karlovac County,Croatia,10.929963735267453,2.2690562613430125,4.1468721668177695
Spring,Khabarovsk Krai,Russia,-1.0187729026818433,26.421260815822002,1.2521226644214891
Spring,Khanty-Mansi Autonomous Okrug,Russia,-0.614208581983518,33.851886498285005,1.2322463768115943
Spring,Kharkiv Oblast,Ukraine,8.769927536231885,2.2830578512396693,1.1532608695652173
Spring,Kherson Oblast,Ukraine,10.378260869565217,0.09415584415584416,0.9973662207357861
Spring,Kirov Oblast,Russia,3.838523550724638,24.56280193236715,1.2916847826086957
Spring,Kolašin Municipality,Montenegro,8.74265402843602,28.629283489096572,4.7674454828660435
Spring,Komi Republic,Russia,-1.2499863648759204,45.43085748792271,1.25606085391788
Spring,Kostanay Region,Kazakhstan,5.874308300395257,7.855434782608696,0.7015810276679841
Spring,Kostroma Oblast,Russia,4.342201086956522,26.485507246376812,1.188288043478261
Spring,Kočevje,Slovenia,9.122010869565218,4.918951132300357,3.541123188405797
Spring,Košice Region,Slovakia,10.514861803352968,0.06757369614512472,1.5014945652173914
Spring,Kranj,Slovenia,9.722644927536233,0.7685546875,3.1198822463768114
Spring,Krasnodar Krai,Russia,11.928202024647888,0.13159609120521173,3.2979029424681596
Spring,Krasnoyarsk Krai,Russia,-4.603238551454482,34.68984480019553,0.963609240650575
Spring,Kronoberg County,Sweden,6.239213834915271,1.9619285379934468,1.4776816270656106
Spring,Kujalleq Municipality,Greenland,-1.611883252258513,3.6923076923076925,1.3716446124763706
Spring,Kurgan Oblast,Russia,4.100244565217391,12.614734299516908,0.9048777173913044
Spring,Kursk Oblast,Russia,7.65978886756238,5.1521739130434785,1.5536948176583494
Spring,Kuyavian-Pomeranian Voivodeship,Poland,8.330874955084441,0.41483630335681726,1.1061983471074381
Spring,Kyzylorda Region,Kazakhstan,10.955253623188407,0.2754880694143167,0.47608695652173916
Spring,Lazio,Italy,13.544036806883366,0.0,2.6701605974903897
Spring,Lesser Poland Voivodeship,Poland,6.706583974571646,13.954109852406164,2.3391306251573565
Spring,Lika-Senj County,Croatia,6.320258620689655,28.11819235225956,4.172568181818182
Spring,Ljubljana,Slovenia,10.719610507246378,1.6580053496369889,3.701630434782609
Spring,Lower Saxony,Germany,9.152345168009537,0.2072393576344634,1.618678505794547
Spring,Lower Silesian Voivodeship,Poland,7.7597335929548175,6.480067363102913,1.5168562198521929
Spring,Lublin Voivodeship,Poland,8.369695400811114,1.433129633340012,1.2927061766735681
Spring,Lubusz Voivodeship,Poland,9.187217655815159,0.3712920005623506,1.0655623139640222
Spring,Luxembourg,Luxembourg,9.571363773813124,0.12373968835930339,1.9280208569485378
Spring,Lviv Oblast,Ukraine,8.526086956521738,2.127348643006263,2.625825825825826
Spring,Lääne County,Estonia,5.1932518115942035,3.254076086956522,1.1434329710144928
Spring,Lääne-Viru County,Estonia,4.600226449275363,5.122331217541835,1.1328577898550725
Spring,Magadan Oblast,Russia,-7.156117250568227,24.985898221949725,0.7359683484801003
Spring,Masovian Voivodeship,Poland,8.683380858130095,0.7941093289160034,1.1160320708510854
Spring,Mecklenburg-Vorpommern,Germany,8.266821931645996,0.4093450836539322,1.23005768994722
Spring,Minsk Region,Belarus,6.852950310559007,5.180706521739131,1.6231366459627328
Spring,Moscow,Russia,6.769174977334543,10.645278450363197,1.5828195829555758
Spring,Murska Sobota,Slovenia,11.073224043715847,0.9384941675503712,1.8066529961266804
Spring,Møre og Romsdal,Norway,5.509445848615571,32.12921942358268,2.9737609373580796
Spring,Navoiy Region,Uzbekistan,16.20952380952381,0.002506265664160401,0.5945010183299388
Spring,Nenets Autonomous Okrug,Russia,-6.493427859743247,49.36607687614399,0.7838345144608313
Spring,Nikšić Municipality,Montenegro,10.77814465408805,7.1894409937888195,4.02251552795031
Spring,Nitra Region,Slovakia,11.70901268115942,0.09696420480289987,1.4090579710144928
Spring,Nizhny Novgorod Oblast,Russia,5.386107589204855,4.324728260869565,1.241159420289855
Spring,Nordland,Norway,2.806891384897727,34.68068323994996,2.8337295085596876
Spring,Norrbotten County,Sweden,-0.3264734249890139,51.15096123542389,1.1067474516989635
Spring,North Denmark Region,Denmark,7.1447175437182695,0.20065970313358988,1.44048505768008
Spring,North Kazakhstan Region,Kazakhstan,3.158937198067633,14.179951690821255,0.9027173913043478
Spring,North Rhine-Westphalia,Germany,9.535013019094672,0.41934952968134803,1.9097681858390996
Spring,Northern Ireland,United Kingdom,8.416274137738588,0.02014066496163683,2.504044489383215
Spring,Nova Gorica,Slovenia,12.641494727189365,0.12356841470765521,3.058469202898551
Spring,Novo Mesto,Slovenia,11.368766999093381,1.8114754098360655,2.782019927536232
Spring,Novosibirsk Oblast,Russia,2.9898048354209146,10.616847826086957,0.9178260869565218
Spring,Odesa Oblast,Ukraine,10.573641304347827,0.30217391304347824,1.2271536871123363
Spring,Omsk Oblast,Russia,3.579148550724638,18.23611111111111,0.9304528985507247
Spring,Opole Voivodeship,Poland,8.936413043478261,0.7125603864734299,1.62019172705314
Spring,Orenburg Oblast,Russia,6.220122365737594,4.599033816425121,0.9874728260869565
Spring,Osijek-Baranja County,Croatia,12.248956442831217,1.0212958767557772,1.9088930936613056
Spring,Oslo,Norway,5.958857360918037,21.380176745797954,1.695353432987079
Spring,Perm Krai,Russia,2.397590579710145,38.070048309178745,1.70268115942029
Spring,Piran,Slovenia,12.976902173913043,0.004677754677754678,2.1470108695652175
Spring,Pljevlja Municipality,Montenegro,9.841693290734826,8.804347826086957,2.005900621118012
Spring,Podgorica Municipality,Montenegro,15.923961661341853,0.0,3.942701863354037
Spring,Podkarpackie Voivodeship,Poland,8.080687393482416,2.042028084187097,1.9532510755743162
Spring,Podlaskie Voivodeship,Poland,7.59106973632867,1.423287456990929,1.2709315939120254
Spring,Poltava Oblast,Ukraine,9.342941349837902,2.6958333333333333,1.4113107511045657
Spring,Pomeranian Voivodeship,Poland,7.322401368022475,0.7437926878264364,1.0523254038537881
Spring,Postojna,Slovenia,9.445697463768115,1.5976058931860038,3.6730978260869565
Spring,Prešov Region,Slovakia,7.076811594202899,1.2536630036630036,1.6519927536231884
Spring,Primorje-Gorski Kotar County,Croatia,13.799909338168632,0.00045330915684496827,3.5883046237534
Spring,Primorsky Krai,Russia,4.037325310559006,3.6228197674418605,1.8040105067589212
Spring,Pskov Oblast,Russia,5.9498640072529465,3.9326984126984126,1.3875963718820863
Spring,Pärnu County,Estonia,5.193307146094576,3.152434400121341,1.1290609903381643
Spring,Radovljica,Slovenia,3.561316029143898,205.9986970684039,4.046401151631478
Spring,Rapla County,Estonia,4.9356884057971016,4.415307971014493,1.2170289855072465
Spring,Region Zealand,Denmark,7.538971015428313,0.044481054365733116,1.071133540372671
Spring,Region of Southern Denmark,Denmark,7.649147039726108,0.11466666666666667,1.4384668627790274
Spring,Republic of Bashkortostan,Russia,4.260991847826087,15.51086956521739,1.359880442904694
Spring,Republic of Dagestan,Russia,8.42317494600432,0.1539568345323741,1.4917170626349894
Spring,Republic of Kalmykia,Russia,10.716804185952908,0.1947565543071161,1.0566022544283413
Spring,Republic of Karakalpakstan,Uzbekistan,14.08840579710145,0.03523035230352303,0.7333333333333334
Spring,Republic of Karelia,Russia,1.2301742831901052,20.92285478547855,1.1291482997481108
Spring,Republic of Tatarstan,Russia,5.308615136876006,18.141304347826086,1.1785426731078905
Spring,Rhineland-Palatinate,Germany,9.600535310678458,0.2649349660071223,1.769203494181736
Spring,Riga,Latvia,7.1720983158852984,1.3887959866220736,1.206340579710145
Spring,Rogaland,Norway,6.615983270460882,2.1175485391725077,3.0293250452510243
Spring,Rostov Oblast,Russia,10.252396650035639,0.5472826086956522,1.3977726300784035
Spring,Ryazan Oblast,Russia,6.216684782608695,9.881038647342995,1.2421739130434784
Spring,Saare County,Estonia,5.166056831451927,1.3849017272185824,0.9787616023448951
Spring,Saarland,Germany,9.898954252937886,0.10908732246186217,2.059654585727585
Spring,Saint Petersburg,Russia,5.501405258386219,3.57487922705314,1.3145710394916024
Spring,Sakha Republic,Russia,-8.058265470200737,28.594351843855254,0.5732134289456281
Spring,Sakhalin Oblast,Russia,-0.1776021491940522,27.080314009661837,1.5287374273755232
Spring,Saldus Municipality,Latvia,6.1276190476190475,1.3279002876318313,0.999365367180417
Spring,Salzburg,Austria,6.3015627950897075,254.79528985507247,3.181309674758246
Spring,Samara Oblast,Russia,6.39572463768116,18.97342995169082,1.1191123188405796
Spring,Samarqand Region,Uzbekistan,15.169565217391305,0.18478260869565216,1.690217391304348
Spring,Saratov Oblast,Russia,7.363376358695652,4.500869565217391,1.0939402173913044
Spring,Sardinia,Italy,13.425929837450639,0.0,1.6550460575864665
Spring,Saxony,Germany,8.478218773697325,3.1909004629181275,1.6663315355652792
Spring,Saxony-Anhalt,Germany,8.824516389471984,2.5930978464614487,1.4272019380515661
Spring,Schleswig-Holstein,Germany,8.224113852063173,0.42108104302109983,1.5848754691505864
Spring,Scotland,United Kingdom,7.508691814728117,0.09353791678961346,2.3921423357664233
Spring,Sermersooq Municipality,Greenland,-3.5129082628497073,11.5,3.0186290066645514
Spring,Sevnica,Slovenia,7.643758573388204,4.385135135135135,2.877496120020693
Spring,Silesian Voivodeship,Poland,8.40544708994709,2.4193248889183634,1.941968843397075
Spring,Skeiða- og Gnúpverjahreppur,Iceland,4.090128205128205,5.118286445012788,2.0937979539641947
Spring,Skåne County,Sweden,7.359001602031255,0.5758540573100421,1.2189411711630425
Spring,Slovenj Gradec,Slovenia,9.427330604820373,0.9074609600925391,2.661684782608696
Spring,Smolensk Oblast,Russia,6.40946986859991,9.281400966183575,1.677289211242067
Spring,Split-Dalmatia County,Croatia,15.533219800181653,0.0,1.9118474807081254
Spring,Stockholm County,Sweden,5.44806816064502,3.047077144226162,0.9697750172998701
Spring,Styria,Austria,8.814812460267007,0.552536231884058,2.198097623520291
Spring,Surxondaryo Region,Uzbekistan,19.282427536231882,0.1561822125813449,1.7907216494845362
Spring,Svalbard,Svalbard and Jan Mayen,-7.426127548758865,19.22717508055854,0.724197601099891
Spring,Sverdlovsk Oblast,Russia,3.27729372339462,19.88929146537842,1.2603894927536232
Spring,Södermanland County,Sweden,5.963593945601456,3.798623578695392,1.0666048237476808
Spring,Talsi Municipality,Latvia,5.473488865323436,1.4046406338426711,1.1077469042585322
Spring,Tambov Oblast,Russia,7.0713043478260875,6.954106280193237,1.026304347826087
Spring,Tartu County,Estonia,5.756567028985507,3.234267340376665,1.3260416666666668
Spring,Thuringia,Germany,8.23010296117448,1.6721461187214612,1.7650693507994606
Spring,Ticino,Switzerland,12.686497507929317,0.045641259698767686,4.2200724966017225
Spring,Tomsk Oblast,Russia,0.954915636699318,30.349436392914654,1.20975
Spring,Toshkent Shahri,Uzbekistan,15.803442028985508,0.11141304347826086,1.8608695652173914
Spring,Troms og Finnmark fylke,Norway,0.4409960236973885,46.40208634764125,1.7615155800037938
Spring,Trøndelag,Norway,3.7366634208327287,22.94652483496209,2.1506384310044777
Spring,Turkistan Region,Kazakhstan,14.975181159420291,0.034782608695652174,1.0422101449275363
Spring,Tyumen Oblast,Russia,3.288219277545834,15.504830917874395,1.0199092558983667
Spring,Udmurt Republic,Russia,3.9816666666666665,29.295893719806763,1.2380072463768117
Spring,Ulytau Region,Kazakhstan,6.967572463768116,3.7217391304347824,0.5365942028985508
Spring,Upper Austria,Austria,9.417846413477557,1.8514492753623188,2.647449431805899
Spring,Uppsala County,Sweden,4.944267569856054,8.59408866995074,1.0331947358382605
Spring,Valais,Switzerland,11.409379247847758,0.05980969642048029,1.4050747621205255
Spring,Valga County,Estonia,5.838451086956522,4.1290760869565215,1.31580615942029
Spring,Varaždin County,Croatia,11.506165004533093,0.37369614512471655,2.1291156462585032
Spring,Varmland County,Sweden,5.03233673376446,9.817596817596817,1.475347741031131
Spring,Vaud,Switzerland,9.626597190756684,0.1276473955352032,2.22908926144087
Spring,Veneto,Italy,14.123731819794255,0.020697167755991286,2.137809303860112
Spring,Vestfold og Telemark,Norway,5.155364359818341,35.39465799706763,1.8893676932222305
Spring,Vestland,Norway,4.893498066157499,37.09477080846926,3.6253112762726767
Spring,Vienna,Austria,11.632793133976,0.5899209486166008,1.7475242407835805
Spring,Viken,Norway,4.956225848724813,16.77684879123728,1.6243440181167446
Spring,Viljandi County,Estonia,5.544701086956522,4.369565217391305,1.317572463768116
Spring,Vinnytsia Oblast,Ukraine,8.451449275362318,2.083507306889353,1.2875
Spring,Vologda Oblast,Russia,3.4543889845094666,13.77415458937198,1.1879891304347825
Spring,Voronezh Oblast,Russia,8.236931715268973,4.496980676328502,1.2761594202898552
Spring,Västerbotten County,Sweden,1.0147823171718573,44.20475189234651,1.1129897514430438
Spring,Västernorrland County,Sweden,3.1841750352726366,16.66047325445759,1.0551796679554242
Spring,Västmanland County,Sweden,5.722229140722291,2.0201777564256544,1.2289162036257508
Spring,Västra Götaland County,Sweden,6.362653609465202,2.7612984822934235,1.5397810067030269
Spring,Võru County,Estonia,5.957291666666667,3.5070791819611955,1.3596920289855075
Spring,Wales,United Kingdom,9.151166992922752,0.0,1.7874700991001253
Spring,Warmian-Masurian Voivodeship,Poland,7.4923783328157585,1.3648097826086956,1.078711388302313
Spring,West Kazakhstan Region,Kazakhstan,8.06268115942029,3.6739130434782608,0.8810688405797101
Spring,West Pomeranian Voivodeship,Poland,8.209948818218413,0.4241953782767063,0.9432680714244704
Spring,Zabaykalsky Krai,Russia,-0.6057233951553327,2.9527542809985556,0.586749835341521
Spring,Zadar County,Croatia,14.445714285714285,0.0027210884353741495,2.0261678004535146
Spring,Zakarpattia Oblast,Ukraine,11.153985507246377,0.4115138592750533,1.6838768115942029
Spring,Zurich,Switzerland,9.801903035795197,0.35780240073868885,3.0176257362936116
Spring,Örebro County,Sweden,5.386553741693152,6.271233439457738,1.4852615110727483
Spring,Östergötland County,Sweden,6.163590211625122,3.3209780710265866,1.1800921187308087
Spring,Þingeyjarsveit,Iceland,3.569649446494465,5.3081841432225065,1.0745524296675193
Spring,Črnomelj,Slovenia,11.72872677843226,1.0373384394447105,3.2843750000000003
Spring,Łódź Voivodeship,Poland,8.587811151676071,0.6496212121212122,1.2610272153999336
Spring,Świętokrzyskie Voivodeship,Poland,8.229628860268662,1.413725967388659,1.4461399986152463
Spring,Šibenik-Knin County,Croatia,12.854377026401112,1.5420875420875422,2.6878942486085347
Spring,Žabljak Municipality,Montenegro,5.3979430379746836,219.15887850467288,4.0898753894081
Spring,Žilina Region,Slovakia,5.449482401656314,13.363354037267081,2.9099896480331267
Summer,Administrative unit Maribor,Slovenia,20.624637681159424,0.0,3.298233695652174
Summer,Agder,Norway,14.714403502994378,0.1669003573205482,3.398054404611782
Summer,Akmola Region,Kazakhstan,18.77246376811594,0.0,1.4099637681159423
Summer,Aktobe Region,Kazakhstan,22.422041062801934,0.0,0.9307971014492754
Summer,Almaty,Kazakhstan,23.02735507246377,0.0,1.7512681159420291
Summer,Altai Krai,Russia,18.59428451355327,0.0,1.91756125601782
Summer,Alūksne Municipality,Latvia,16.507468123861567,0.0,2.854619565217391
Summer,Amur Oblast,Russia,18.030659043789658,0.0,3.5829303432723627
Summer,Appenzell Innerrhoden,Switzerland,6.254121376811594,85.15632079746261,8.647327898550724
Summer,Apulia,Italy,25.85838025119099,0.0,0.3387442572741195
Summer,Arkhangelsk Oblast,Russia,13.618086548488009,0.002113526570048309,2.0646373464889263
Summer,Astana,Kazakhstan,19.294565217391305,0.0,1.4228260869565217
Summer,Astrakhan Oblast,Russia,25.08647736856902,0.0,0.5988470191226096
Summer,Atyrau Region,Kazakhstan,25.062137681159424,0.0,0.4793478260869566
Summer,Augšdaugavas novads,Latvia,16.817995169082128,0.0,2.3344202898550726
Summer,Baden-Württemberg,Germany,18.426182914046123,0.0007813760712071411,2.8638373263108314
Summer,Basel-Landschaft,Switzerland,19.740896739130434,0.0,2.839809782608696
Summer,Bavaria,Germany,17.85235880149579,1.5907434779170697,3.1345675023995128
Summer,Berlin,Germany,19.18142017588365,0.0,2.1499070366132726
Summer,Blekinge County,Sweden,16.741483842276907,0.0,2.014580861310812
Summer,Brandenburg,Germany,18.601777588585854,0.0355596146480865,2.0986704837066554
Summer,Bremen,Germany,17.77310657596372,0.026483726866624122,2.4876132246376814
Summer,Budapest,Hungary,22.53354037267081,0.0,1.838664596273292
Summer,Buryatia,Russia,15.47120646138314,0.010519172039362062,2.2625588908332213
Summer,Capital Region of Denmark,Denmark,17.177316844082657,0.0,2.055492327365729
Summer,Catalonia,Spain,21.410968862911023,1.5826018299196507,1.4632857122095135
Summer,Celje,Slovenia,20.369657184536834,0.0,3.80572463768116
Summer,Central Denmark Region,Denmark,16.222049898853673,4.0,2.222489834219581
Summer,Chechnya,Russia,24.060957025297167,0.0,1.8828963414634148
Summer,Chernivtsi Oblast,Ukraine,19.28894927536232,0.0,3.3166666666666664
Summer,Chisinau,Moldova,21.845923913043478,0.0,2.088586956521739
Summer,Chukotka Autonomous Okrug,Russia,11.023630160354827,0.0006793478260869565,1.1173747535857521
Summer,City of Liepāja,Latvia,17.209573502722325,0.0,2.233212505663797
Summer,City of Zagreb,Croatia,22.933041070604524,0.0,2.674557823129252
Summer,County Carlow,Ireland,15.41825613079019,0.0,2.1687585266030016
Summer,County Kerry,Ireland,14.948527808069793,0.0,3.5853260869565218
Summer,County Kilkenny,Ireland,15.741549614861803,0.0,2.537361623616236
Summer,County Mayo,Ireland,14.756052344601962,0.0,2.794015233949946
Summer,County Meath,Ireland,14.598804664723032,0.0,2.7472542685740655
Summer,County Monaghan,Ireland,14.765152498377677,0.0,2.7026118604153284
Summer,County Wicklow,Ireland,14.868096774193548,0.0,2.6045937551087137
Summer,Dalabyggð,Iceland,10.655473781048759,0.0,1.2656649616368287
Summer,Dalarna County,Sweden,14.446220027392503,0.0011808118081180813,2.7939576200610716
Summer,Daugavpils,Latvia,17.51029197080292,0.0,2.6948550724637683
Summer,Dobele Municipality,Latvia,17.331457103949163,0.0,2.389447463768116
Summer,Donetsk Oblast,Ukraine,20.002717391304348,0.0,2.3138795986622074
Summer,Dubrovnik-Neretva County,Croatia,25.090878296636827,0.08207132388861749,1.112557464311638
Summer,East Kazakhstan Region,Kazakhstan,22.554891304347827,0.0,1.144927536231884
Summer,England,United Kingdom,16.058219336324616,0.0012360939431396785,2.233789147348051
Summer,Fergana Region,Uzbekistan,26.50235507246377,0.0,0.278804347826087
Summer,Friuli-Venezia Giulia,Italy,16.955570652173915,0.0,4.889719202898551
Summer,Gavleborg County,Sweden,14.970039687091372,0.0,2.395016136468419
Summer,Geneva,Switzerland,20.175996376811593,0.0,2.58473731884058
Summer,Gomel Region,Belarus,18.314673913043478,0.0,2.201449275362319
Summer,Gotland County,Sweden,16.64369994994995,0.0,1.7327864978902954
Summer,Greater Poland Voivodeship,Poland,18.790762454049943,0.00616000616000616,1.8150674662668664
Summer,Halland County,Sweden,16.344715276318553,0.0,3.266161801501251
Summer,Hamburg,Germany,17.65718552144308,0.0,2.6026551866364196
Summer,Harju County,Estonia,16.50761214318079,0.0,2.304831027443865
Summer,Heilongjiang,China,20.761811023622048,0.0,3.3913948256467945
Summer,Hessen,Germany,18.053978246145263,0.0,2.3173296922282085
Summer,Hiiu County,Estonia,16.81531808035714,0.0,2.104189311594203
Summer,Ida-Viru County,Estonia,16.640398550724637,0.001358695652173913,2.6389945652173914
Summer,Idrija,Slovenia,16.35891544117647,0.0,5.13493429995469
Summer,Innlandet,Norway,12.926579434161399,0.8593358395989975,2.4970018144001416
Summer,Irkutsk Oblast,Russia,16.09229916521503,0.0,2.4844082002491787
Summer,Jamtland County,Sweden,12.510564969848062,0.013207547169811321,2.6157903211954654
Summer,Jetisu Region,Kazakhstan,23.52707509881423,0.0,0.8095849802371542
Summer,Jewish Autonomous Oblast,Russia,19.901605504587156,0.0,3.9593419170243203
Summer,Jonkoping County,Sweden,15.30096403909963,0.0,2.763870702775832
Summer,Järva County,Estonia,16.662295081967216,0.0,2.5611865942028986
Summer,Jõgeva County,Estonia,16.57872487872488,0.0,2.573686594202899
Summer,Kaliningrad Oblast,Russia,17.852383571690503,0.0,2.5531169783645034
Summer,Kalmar County,Sweden,16.717298527328154,0.0,2.0482101090896108
Summer,Kamchatka Krai,Russia,12.536026734500474,0.0,1.9838828385300116
Summer,Karaganda Region,Kazakhstan,20.890126811594204,0.0,0.9519021739130435
Summer,Karlovac County,Croatia,20.487001811594205,0.0,3.151222826086957
Summer,Khabarovsk Krai,Russia,15.990921241688108,0.0010108668182966893,3.1750058467809295
Summer,Khanty-Mansi Autonomous Okrug,Russia,15.564521331183112,0.0055900621118012426,2.3107315642867614
Summer,Kharkiv Oblast,Ukraine,20.133695652173916,0.0,2.169202898550725
Summer,Kherson Oblast,Ukraine,23.048996655518398,0.0,1.338670568561873
Summer,Kirov Oblast,Russia,17.01678223388306,0.0,2.371150060924173
Summer,Kolašin Municipality,Montenegro,18.65945537065053,0.0,2.226197604790419
Summer,Komi Republic,Russia,13.844807605760577,0.007619628162145687,2.2441394825646794
Summer,Kostanay Region,Kazakhstan,20.736363636363638,0.0,1.1601778656126485
Summer,Kostroma Oblast,Russia,16.768437324339516,0.0,2.2787964004499437
Summer,Kočevje,Slovenia,18.664538043478263,0.0,3.7325634057971016
Summer,Košice Region,Slovakia,20.551473922902495,0.0,2.646216583597644
Summer,Kranj,Slovenia,19.662454545454548,0.03687095166915795,4.154211956521739
Summer,Krasnodar Krai,Russia,23.09056238615665,0.0,2.741271465938815
Summer,Krasnoyarsk Krai,Russia,13.72167148677461,0.010625305324865657,1.9548829252646212
Summer,Kronoberg County,Sweden,15.818868958644744,0.0,2.6895137668424134
Summer,Kujalleq Municipality,Greenland,6.677741848558341,3.0,5.728433523475209
Summer,Kurgan Oblast,Russia,18.096950105411103,0.0,1.869361642294713
Summer,Kursk Oblast,Russia,19.48221107154419,0.0,2.132443365695793
Summer,Kuyavian-Pomeranian Voivodeship,Poland,18.348093469794403,0.0,2.08973824834707
Summer,Kyzylorda Region,Kazakhstan,25.89927536231884,0.0,0.4577898550724638
Summer,Lazio,Italy,23.55143363392254,0.0,1.2256693592993078
Summer,Lesser Poland Voivodeship,Poland,16.477854916711447,0.09437721369539552,3.831739383746111
Summer,Lika-Senj County,Croatia,16.54988626023658,0.08615594453284837,2.563557779799818
Summer,Ljubljana,Slovenia,20.43370328425821,0.09789029535864979,4.4036693091732735
Summer,Lower Saxony,Germany,17.64470486460387,0.02695595003287311,2.487904773073766
Summer,Lower Silesian Voivodeship,Poland,17.208034471329135,0.0007362608466999737,2.4983250469561376
Summer,Lublin Voivodeship,Poland,18.54457088255733,0.0,2.0239122883195835
Summer,Lubusz Voivodeship,Poland,18.95390513320338,0.0,1.7375860724957777
Summer,Luxembourg,Luxembourg,18.24341389728097,0.0,2.405843714609287
Summer,Lviv Oblast,Ukraine,17.95108695652174,0.3470715835140998,3.4733466933867736
Summer,Lääne County,Estonia,16.56141304347826,0.0,2.4682971014492754
Summer,Lääne-Viru County,Estonia,16.36046195652174,0.000881057268722467,2.3220108695652173
Summer,Magadan Oblast,Russia,13.047087496953448,0.0,2.033390494855463
Summer,Masovian Voivodeship,Poland,18.868907789020742,0.0,1.916899183110902
Summer,Mecklenburg-Vorpommern,Germany,17.626254977845083,0.11847695136643206,2.1624024348338327
Summer,Minsk Region,Belarus,17.91863354037267,0.0,2.919254658385093
Summer,Moscow,Russia,18.654739229024944,0.0,2.5864460562103355
Summer,Murska Sobota,Slovenia,20.64929288321168,0.0018808777429467085,3.000091095422455
Summer,Møre og Romsdal,Norway,13.37512943125553,3.32344335021867,3.2519349962207107
Summer,Navoiy Region,Uzbekistan,29.340073529411764,0.0,0.05566218809980806
Summer,Nenets Autonomous Okrug,Russia,8.612048431917428,0.06092307692307692,1.4272547076313182
Summer,Nikšić Municipality,Montenegro,21.82778581765557,0.9090909090909091,2.0655270655270654
Summer,Nitra Region,Slovakia,21.653692795650205,0.0,1.9713638423198914
Summer,Nizhny Novgorod Oblast,Russia,18.06912122915496,0.0,2.367647610121837
Summer,Nordland,Norway,12.140362814419845,1.8839745734359317,2.504483501995439
Summer,Norrbotten County,Sweden,12.759224843690628,0.2766936422442959,2.271984193730487
Summer,North Denmark Region,Denmark,15.915823440363317,3.5,2.2587131837307153
Summer,North Kazakhstan Region,Kazakhstan,16.304257246376814,0.0,1.636195652173913
Summer,North Rhine-Westphalia,Germany,17.707233026270895,0.008002637024557292,2.6793354648839154
Summer,Northern Ireland,United Kingdom,14.465984712230215,0.0,3.064156799632142
Summer,Nova Gorica,Slovenia,22.598045454545456,0.04849201655824956,3.3232336956521737
Summer,Novo Mesto,Slovenia,21.042727684639782,0.0491562729273661,3.3125
Summer,Novosibirsk Oblast,Russia,17.50787610619469,0.0,2.0954330708661417
Summer,Odesa Oblast,Ukraine,22.13179347826087,0.0,1.78828297715549
Summer,Omsk Oblast,Russia,18.031196100487442,0.0,1.9590176227971503
Summer,Opole Voivodeship,Poland,18.552144964818037,0.0,2.5404221516114394
Summer,Orenburg Oblast,Russia,21.415984816533108,0.0,1.022300337457818
Summer,Osijek-Baranja County,Croatia,22.119582955575705,1.254981884057971,2.205718336483932
Summer,Oslo,Norway,16.318539078817192,0.06003348481224587,3.2694163974151857
Summer,Perm Krai,Russia,15.75888638920135,0.0024154589371980675,2.7529246344206975
Summer,Piran,Slovenia,23.027490942028987,0.0,2.362364130434783
Summer,Pljevlja Municipality,Montenegro,19.86343930635838,0.0,2.887624466571835
Summer,Podgorica Municipality,Montenegro,27.594736842105267,0.2453900709219858,1.6624466571834993
Summer,Podkarpackie Voivodeship,Poland,17.97225373095319,0.0,2.907446662832416
Summer,Podlaskie Voivodeship,Poland,17.95624614694838,0.0,2.335281591482208
Summer,Poltava Oblast,Ukraine,20.867107583774253,0.0,2.0348516015280635
Summer,Pomeranian Voivodeship,Poland,17.29962704817804,0.0,2.012838540074586
Summer,Postojna,Slovenia,19.22441123188406,0.0,3.287720888083371
Summer,Prešov Region,Slovakia,16.77331218849117,0.0,2.999501585863163
Summer,Primorje-Gorski Kotar County,Croatia,24.175588768115944,0.0,2.624592391304348
Summer,Primorsky Krai,Russia,18.162111385973123,0.0,3.9095039957730666
Summer,Pskov Oblast,Russia,17.386219802653965,0.0,2.5728417470221214
Summer,Pärnu County,Estonia,17.34459541062802,0.0,2.277732487922705
Summer,Radovljica,Slovenia,13.081498401096392,35.13747346072187,5.722961529155577
Summer,Rapla County,Estonia,16.336701404621657,0.0,2.5557065217391304
Summer,Region Zealand,Denmark,17.03020974507906,0.0,1.9134988249118685
Summer,Region of Southern Denmark,Denmark,16.55134866303903,0.0,2.4352975495915987
Summer,Republic of Bashkortostan,Russia,17.89349170649424,0.0,1.7713793588301463
Summer,Republic of Dagestan,Russia,20.492523571824737,0.0,1.7617996227671142
Summer,Republic of Kalmykia,Russia,24.92634186622626,0.0,0.8919900908340215
Summer,Republic of Karakalpakstan,Uzbekistan,26.455434782608695,0.0,0.25869565217391305
Summer,Republic of Karelia,Russia,14.642603117895423,0.0,2.222692398955944
Summer,Republic of Tatarstan,Russia,19.127291494632537,0.0,1.8710982658959538
Summer,Rhineland-Palatinate,Germany,18.10185942186712,0.0,2.231972187786342
Summer,Riga,Latvia,18.199591836734694,0.0,2.548505434782609
Summer,Rogaland,Norway,14.630237358101134,6.116956202593589e-05,3.9573231027566584
Summer,Rostov Oblast,Russia,23.476541394835984,0.0,1.449264841021871
Summer,Ryazan Oblast,Russia,18.496437945256844,0.0,2.170472440944882
Summer,Saare County,Estonia,16.98814265260966,0.0,2.0609213759213763
Summer,Saarland,Germany,18.442973873399964,0.0,2.3096526214216793
Summer,Saint Petersburg,Russia,18.018321995464852,0.0,2.694765589440146
Summer,Sakha Republic,Russia,13.954753541970875,0.09459197518899011,1.8106905841382483
Summer,Sakhalin Oblast,Russia,14.072836879432625,0.0,2.3716956802063187
Summer,Saldus Municipality,Latvia,16.76478616924477,0.0,2.1210909090909094
Summer,Salzburg,Austria,15.478625948154365,154.38636363636363,5.431797284375598
Summer,Samara Oblast,Russia,20.36397375820056,0.0,1.4382452193475816
Summer,Samarqand Region,Uzbekistan,25.648188405797104,0.0,0.11630434782608697
Summer,Saratov Oblast,Russia,21.62014621116266,0.0,1.2241633858267718
Summer,Sardinia,Italy,25.010283457249074,0.0,0.4395758889344502
Summer,Saxony,Germany,17.837699330493002,0.00025649063809170963,2.6265833087464774
Summer,Saxony-Anhalt,Germany,17.984333188075986,0.00011896972220569865,2.1142139602845225
Summer,Schleswig-Holstein,Germany,16.98028509526422,0.09085463258785942,2.6300775530562666
Summer,Scotland,United Kingdom,13.822025036256775,0.0,2.7836279812683777
Summer,Sevnica,Slovenia,17.314449541284404,0.0,3.768195718654434
Summer,Silesian Voivodeship,Poland,18.106890031160944,0.0,2.8651923797292236
Summer,Skeiða- og Gnúpverjahreppur,Iceland,11.164833759590792,5.714194373401535,1.6798593350383633
Summer,Skåne County,Sweden,16.95821463504096,0.0,2.3173982640063127
Summer,Slovenj Gradec,Slovenia,19.005527865881287,0.02503209242618742,4.387952898550725
Summer,Smolensk Oblast,Russia,17.392792384406164,0.0,2.783454215775159
Summer,Split-Dalmatia County,Croatia,25.971736174070717,0.0,1.080172218445502
Summer,Stockholm County,Sweden,16.614670673934086,0.00633693972179289,1.9495619798510733
Summer,Styria,Austria,18.164028135349344,0.0,4.1600651368471375
Summer,Surxondaryo Region,Uzbekistan,29.45163043478261,0.0,0.9025316455696203
Summer,Svalbard,Svalbard and Jan Mayen,4.646545835169679,1.412299303241442,0.7693513154145692
Summer,Sverdlovsk Oblast,Russia,16.58669165885661,0.006038647342995169,2.4107236595425574
Summer,Södermanland County,Sweden,16.54345996425895,0.0,2.2768866135760333
Summer,Talsi Municipality,Latvia,16.641485451761103,0.0,2.490917389319945
Summer,Tambov Oblast,Russia,19.66271091113611,0.0,1.7913948256467942
Summer,Tartu County,Estonia,17.00606884057971,0.0,2.631023550724638
Summer,Thuringia,Germany,17.321194938109397,0.0,2.3590494728930174
Summer,Ticino,Switzerland,22.08360507246377,0.0,5.404483695652174
Summer,Tomsk Oblast,Russia,16.520070422535213,0.00040257648953301127,2.353445264521945
Summer,Toshkent Shahri,Uzbekistan,26.776086956521738,1.054054054054054,0.16050724637681157
Summer,Troms og Finnmark fylke,Norway,10.89872324812099,3.0803620755598997,2.0340305753537855
Summer,Trøndelag,Norway,13.170214016290384,0.460472386245224,2.664350356467336
Summer,Turkistan Region,Kazakhstan,27.42626811594203,0.0,0.16358695652173916
Summer,Tyumen Oblast,Russia,17.24998125234346,0.0,2.3008998875140607
Summer,Udmurt Republic,Russia,17.52649428517894,0.0,2.1158042744656917
Summer,Ulytau Region,Kazakhstan,21.72735507246377,0.0,0.8565217391304348
Summer,Upper Austria,Austria,18.640497889555856,0.0,4.087824897400821
Summer,Uppsala County,Sweden,15.992485412661473,0.0,2.1650999459751485
Summer,Valais,Switzerland,20.36933876811594,0.0,1.8650362318840579
Summer,Valga County,Estonia,17.03143115942029,0.0,2.5083333333333337
Summer,Varaždin County,Croatia,21.050657000453104,0.0,2.9025815217391306
Summer,Varmland County,Sweden,15.5470551837932,0.0,2.685683066836978
Summer,Vaud,Switzerland,18.80878623188406,0.0,2.8627717391304346
Summer,Veneto,Italy,24.349796069707086,0.0,1.9619646498980288
Summer,Vestfold og Telemark,Norway,15.28417610650473,0.2280611368710287,2.956927692339197
Summer,Vestland,Norway,13.474001014198784,1.9912966946997848,4.072544407558332
Summer,Vienna,Austria,21.39649260889884,0.0,2.4259248327430147
Summer,Viken,Norway,15.411019195334246,0.11666061998629419,2.8157699351230105
Summer,Viljandi County,Estonia,16.898233695652173,0.0,2.6854619565217392
Summer,Vinnytsia Oblast,Ukraine,18.669565217391305,0.0,2.85018115942029
Summer,Vologda Oblast,Russia,16.256694462662796,0.0,2.382817772778403
Summer,Voronezh Oblast,Russia,20.635806632939854,0.0,1.7559992500937383
Summer,Västerbotten County,Sweden,13.250921477653138,0.0041471000792827955,2.3738933380791365
Summer,Västernorrland County,Sweden,14.685286325232084,0.0,2.2411222224330634
Summer,Västmanland County,Sweden,16.437138413685847,0.0,2.4737225459435233
Summer,Västra Götaland County,Sweden,16.193690102784345,0.0,2.7303765802397866
Summer,Võru County,Estonia,17.379076086956523,0.0,2.6363224637681157
Summer,Wales,United Kingdom,15.293746205221614,0.27465362673186633,2.2488929260815262
Summer,Warmian-Masurian Voivodeship,Poland,17.7010248447205,0.0,2.029042888058233
Summer,West Kazakhstan Region,Kazakhstan,22.340398550724636,0.0,0.9293478260869565
Summer,West Pomeranian Voivodeship,Poland,17.765792368710557,0.0,1.602393755420642
Summer,Zabaykalsky Krai,Russia,16.784873084386014,0.00022619316896629722,2.635648459439149
Summer,Zadar County,Croatia,24.584646739130434,0.0009057971014492754,1.3580163043478262
Summer,Zakarpattia Oblast,Ukraine,20.43822463768116,0.0,2.2987318840579714
Summer,Zurich,Switzerland,18.62776268115942,0.0,4.0039855072463775
Summer,Örebro County,Sweden,15.722573082277089,0.0,2.7313075257173796
Summer,Östergötland County,Sweden,16.55057641399334,0.0,2.3528751918762545
Summer,Þingeyjarsveit,Iceland,11.176497909893172,0.0,0.9841432225063939
Summer,Črnomelj,Slovenia,21.55475543478261,0.0,3.359284420289855
Summer,Łódź Voivodeship,Poland,18.58374446023915,8.625894936599672e-05,1.9119407977255625
Summer,Świętokrzyskie Voivodeship,Poland,18.201968832614444,0.0,2.1813238770685577
Summer,Šibenik-Knin County,Croatia,23.21234454168586,1.2594906295050456,2.0547441860465114
Summer,Žabljak Municipality,Montenegro,15.804134762633998,0.0,2.788922155688623
Summer,Žilina Region,Slovakia,15.366407867494825,0.0,4.021687370600414
Winter,Administrative unit Maribor,Slovenia,1.0896716417910448,2.609518658734451,1.5097910447761194
Winter,Agder,Norway,-0.5303710583901386,24.495003368515608,4.587723986455569
Winter,Akmola Region,Kazakhstan,-14.675355450236967,34.31623931623932,0.6251184834123223
Winter,Aktobe Region,Kazakhstan,-9.684992101105847,17.510921177587843,0.5865718799368088
Winter,Almaty,Kazakhstan,-3.023222748815166,12.684659090909092,1.4507109004739338
Winter,Altai Krai,Russia,-15.899104744852282,27.465271966527197,0.7157537388751262
Winter,Alūksne Municipality,Latvia,-4.758827049670856,16.86856450635978,1.6839731870810482
Winter,Amur Oblast,Russia,-24.93585781762869,24.49225908372828,0.2210866443274294
Winter,Appenzell Innerrhoden,Switzerland,-7.0465352449223415,289.63432383262585,9.239736684619988
Winter,Apulia,Italy,8.846123677489969,0.0,1.8544144144144146
Winter,Arkhangelsk Oblast,Russia,-11.58030615640599,40.177725118483416,1.2274911566441968
Winter,Astana,Kazakhstan,-12.509004739336493,17.92022792022792,0.5796208530805687
Winter,Astrakhan Oblast,Russia,-4.342575322812052,1.789198606271777,0.5766140602582497
Winter,Atyrau Region,Kazakhstan,-3.946445497630332,1.4957264957264957,0.35236966824644556
Winter,Augšdaugavas novads,Latvia,-4.024841772151899,6.093632958801498,1.2584518167456555
Winter,Baden-Württemberg,Germany,1.6849288216649059,3.5534377864220605,2.083157581004556
Winter,Basel-Landschaft,Switzerland,3.022268656716418,0.8122375524895021,1.6611985472154964
Winter,Bavaria,Germany,0.33799618737056203,8.456543083126087,2.041652703332377
Winter,Berlin,Germany,1.757861914132875,2.0082950673974227,1.458557737627651
Winter,Blekinge County,Sweden,1.3070189674409172,3.707140129820542,1.5684253991558084
Winter,Brandenburg,Germany,1.3531588777848382,2.0396015128667835,1.402962372611195
Winter,Bremen,Germany,2.9369850746268655,0.48756218905472637,2.033462686567164
Winter,Budapest,Hungary,1.9857723577235773,0.178743961352657,1.1519647696476965
Winter,Buryatia,Russia,-21.788576613073385,19.383957654723126,0.22049204540659156
Winter,Capital Region of Denmark,Denmark,2.141111591695502,0.9305135951661632,1.7546658791765102
Winter,Catalonia,Spain,6.031922963862048,44.652701479022035,1.3348715761539192
Winter,Celje,Slovenia,1.4077735124760078,3.5570539419087135,2.2069259962049337
Winter,Central Denmark Region,Denmark,2.312696172050154,0.633423180592992,1.8650668601637814
Winter,Cerknica,Slovenia,-0.41529271206690566,21.05673758865248,3.58089552238806
Winter,Chechnya,Russia,-0.36775462052693664,2.5976331360946747,0.8993314982304365
Winter,Chernivtsi Oblast,Ukraine,-2.241232227488152,7.80506329113924,0.8983412322274882
Winter,Chisinau,Moldova,-1.1496323529411765,5.933673469387755,0.9532846715328467
Winter,Chukotka Autonomous Okrug,Russia,-28.241199390140608,39.20345963756178,0.627562256479756
Winter,City of Liepāja,Latvia,-0.7331932773109243,3.1803475134811263,1.904981549815498
Winter,City of Zagreb,Croatia,3.716537313432836,1.8545780969479353,1.789492537313433
Winter,County Carlow,Ireland,5.553398058252427,0.0,2.2953301127214174
Winter,County Kerry,Ireland,7.4321899736147765,0.0013123359580052493,5.146184210526315
Winter,County Kilkenny,Ireland,6.386870503597123,0.0013114754098360656,3.2873493975903614
Winter,County Mayo,Ireland,6.620394736842106,0.030223390275952694,3.742650918635171
Winter,County Meath,Ireland,5.1980310488451344,0.0,3.2447305389221555
Winter,County Monaghan,Ireland,4.990207631874299,0.0966183574879227,2.963824136913544
Winter,County Wicklow,Ireland,5.212180164939734,0.011560693641618497,2.8869646960518067
Winter,Dalabyggð,Iceland,0.20349187236604457,4.100418410041841,2.7159832635983263
Winter,Dalarna County,Sweden,-5.461662765798517,27.759748161472938,1.387925480769231
Winter,Daugavpils,Latvia,-3.6446376811594208,3.3407407407407406,1.3567437379576108
Winter,Dobele Municipality,Latvia,-2.3607784431137726,3.7048710601719197,1.1322368421052633
Winter,Donetsk Oblast,Ukraine,-3.795260663507109,8.07122507122507,1.7523452157598498
Winter,Dubrovnik-Neretva County,Croatia,9.433820724729815,0.27576150356448476,3.2691059497295583
Winter,East Kazakhstan Region,Kazakhstan,-15.116113744075829,24.794871794871796,0.4969194312796209
Winter,England,United Kingdom,4.712288885862163,0.2147945205479452,2.6325068045372264
Winter,Fergana Region,Uzbekistan,2.5912322274881516,0.5185185185185185,0.5893364928909953
Winter,Friuli-Venezia Giulia,Italy,-2.4398684997011357,31.431736526946107,3.0130149253731346
Winter,Gavleborg County,Sweden,-4.063491202699446,20.22596153846154,1.1325021312872976
Winter,Geneva,Switzerland,2.8103880597014927,0.458133971291866,2.2412537313432837
Winter,Gomel Region,Belarus,-3.3945497630331753,8.736654804270463,1.4824644549763033
Winter,Gotland County,Sweden,0.39234998295260826,3.4206689536878216,1.4190137736182236
Winter,Greater Poland Voivodeship,Poland,-0.054752553024351905,2.972167993192171,1.0194785003553661
Winter,Halland County,Sweden,0.19979524758877096,4.828657953458719,2.7372397304933713
Winter,Hamburg,Germany,2.5648752852309387,0.8561020036429873,2.206601466992665
Winter,Harju County,Estonia,-2.4630447761194034,9.43598971722365,1.5483639763166095
Winter,Heilongjiang,China,-19.110043041606886,11.374407582938389,0.26743185078909615
Winter,Hessen,Germany,1.8625966663183195,2.4597681607418855,2.0198223518493967
Winter,Hiiu County,Estonia,-1.1174318507890961,4.984368398817068,1.5775388291517325
Winter,Ida-Viru County,Estonia,-4.416402748730206,15.862686567164179,1.321415770609319
Winter,Idrija,Slovenia,-1.4289725209080046,37.21448275862069,5.940895522388059
Winter,Innlandet,Norway,-6.719635038708016,46.31574896578264,1.3119456700758423
Winter,Irkutsk Oblast,Russia,-21.873906005963367,34.43741287984388,0.46072048487607775
Winter,Jamtland County,Sweden,-6.967061802110316,44.11750906376626,1.5326930665163474
Winter,Jetisu Region,Kazakhstan,-7.035658914728683,14.377492877492877,0.5940568475452197
Winter,Jewish Autonomous Oblast,Russia,-18.427761836441892,7.339652448657188,0.30663558106169303
Winter,Jonkoping County,Sweden,-1.4439354686764012,8.528296296296297,1.66813470676404
Winter,Järva County,Estonia,-3.8911641791044773,12.118208955223881,1.70442054958184
Winter,Jõgeva County,Estonia,-4.330648511423956,12.318730442556996,1.4604540023894863
Winter,Kaliningrad Oblast,Russia,-0.9227422389463782,4.977883096366509,1.7088664158043274
Winter,Kalmar County,Sweden,-0.034370957763905266,8.199585971748661,1.2547401410289893
Winter,Kamchatka Krai,Russia,-16.051775458531463,65.71608527131782,1.2378500061675095
Winter,Karaganda Region,Kazakhstan,-11.708412322274881,17.685185185185187,0.683175355450237
Winter,Karlovac County,Croatia,2.30155223880597,10.558363417569193,4.348477611940298
Winter,Khabarovsk Krai,Russia,-22.41004210794947,36.72939649578196,0.4872911263233981
Winter,Khanty-Mansi Autonomous Okrug,Russia,-19.24295609847421,46.64004914004914,0.8819282763800226
Winter,Kharkiv Oblast,Ukraine,-3.3516587677725123,8.0144578313253,1.199526066350711
Winter,Kherson Oblast,Ukraine,-0.607936507936508,1.574792243767313,1.0049808429118774
Winter,Kirov Oblast,Russia,-11.337788404064556,45.23380726698262,1.2587757054041129
Winter,Kolašin Municipality,Montenegro,0.9204166666666667,150.0204081632653,7.696938775510204
Winter,Komi Republic,Russia,-15.622503768573685,56.31556082148499,1.1871592539454807
Winter,Kostanay Region,Kazakhstan,-12.441267787839587,24.752136752136753,0.4055627425614489
Winter,Kostroma Oblast,Russia,-9.412804878048782,46.03317535545024,1.2559540889526544
Winter,Kočevje,Slovenia,0.3202388059701493,13.409876543209876,3.3898507462686567
Winter,Košice Region,Slovakia,-0.6644563918757467,3.716878402903811,1.1108124253285543
Winter,Kranj,Slovenia,-0.08991044776119403,5.382978723404255,2.7111044776119404
Winter,Krasnodar Krai,Russia,3.326793218374149,2.4939446366782008,3.9301594202898555
Winter,Krasnoyarsk Krai,Russia,-23.80169862273832,44.62262342227193,0.7129514457174032
Winter,Kronoberg County,Sweden,-0.9749506514015003,6.066811788345613,1.9786489980607629
Winter,Kujalleq Municipality,Greenland,-7.7619233378561745,8.5,3.0323104693140794
Winter,Kurgan Oblast,Russia,-15.18172525107604,29.315955766192733,0.5704985652797705
Winter,Kursk Oblast,Russia,-5.439539793118008,12.457869634340222,1.5479004009284658
Winter,Kuyavian-Pomeranian Voivodeship,Poland,-0.8190258751902588,3.506058158319871,0.9808921671935372
Winter,Kyzylorda Region,Kazakhstan,-7.536729857819905,7.586894586894587,0.42251184834123223
Winter,Lazio,Italy,7.35125524200417,0.0,3.1422117863868926
Winter,Lesser Poland Voivodeship,Poland,-2.4512021195636855,24.313898818775257,1.5676398956637028
Winter,Lika-Senj County,Croatia,-1.2931600955794504,42.483027936317214,4.965089820359282
Winter,Ljubljana,Slovenia,1.532895129967135,7.323088743757204,3.304089552238806
Winter,Lower Saxony,Germany,2.666747437586777,1.2411478260869566,2.18112782187085
Winter,Lower Silesian Voivodeship,Poland,-0.9000989724332663,13.940897444775292,1.3316685584562997
Winter,Lublin Voivodeship,Poland,-1.9458053882005228,6.748106185363283,0.9642987042509661
Winter,Lubusz Voivodeship,Poland,0.7674810082872928,2.6295158286778397,1.1089262613195343
Winter,Luxembourg,Luxembourg,2.5606035889070147,1.4148871262965224,2.4127913927077107
Winter,Lviv Oblast,Ukraine,-2.4007109004739338,11.2200488997555,1.6431297709923665
Winter,Lääne County,Estonia,-2.9548059701492537,8.934925373134329,1.618936678614098
Winter,Lääne-Viru County,Estonia,-3.9363880597014926,12.331570996978853,1.2669354838709677
Winter,Magadan Oblast,Russia,-28.252567789646672,35.30568720379147,0.6244145439605587
Winter,Masovian Voivodeship,Poland,-1.110356812882221,5.08081714527027,1.0084997800263968
Winter,Mecklenburg-Vorpommern,Germany,1.5933496810354366,1.9148849209390246,1.5301928267791625
Winter,Minsk Region,Belarus,-4.265243902439025,14.241992882562277,1.4827235772357723
Winter,Moscow,Russia,-5.786149253731344,24.3870458135861,1.7016119402985077
Winter,Murska Sobota,Slovenia,1.1828639904134213,5.406575342465754,1.1424033563080611
Winter,Møre og Romsdal,Norway,1.5332158957457287,32.34987970563261,4.973565729864091
Winter,Navoiy Region,Uzbekistan,0.9305687203791468,1.6335227272727273,0.43483412322274884
Winter,Nenets Autonomous Okrug,Russia,-14.998028992878941,50.40205371248025,0.881584636907033
Winter,Nikšić Municipality,Montenegro,3.704338842975207,17.693089430894307,6.671138211382114
Winter,Nitra Region,Slovakia,1.2498805256869774,1.482239614689946,1.2292712066905616
Winter,Nizhny Novgorod Oblast,Russia,-9.03205066921606,10.042704626334519,1.505428024868484
Winter,Nordland,Norway,-1.847060262703182,32.885988259744046,4.038636917117974
Winter,Norrbotten County,Sweden,-10.78528143748681,56.633175027208864,1.3707970585107192
Winter,North Denmark Region,Denmark,2.3083509961848243,0.5993314231136581,2.161119480820489
Winter,North Kazakhstan Region,Kazakhstan,-10.42600790513834,26.32385466034755,0.7282051282051283
Winter,North Rhine-Westphalia,Germany,2.9423817998066615,1.9550953662701513,2.660489320139623
Winter,Northern Ireland,United Kingdom,4.789171974522294,0.08495713172252534,3.672731258220079
Winter,Nova Gorica,Slovenia,4.1239664469742365,0.08695652173913043,2.968358208955224
Winter,Novo Mesto,Slovenia,1.7244922341696536,7.571091908876669,2.353134328358209
Winter,Novosibirsk Oblast,Russia,-16.727280881599178,31.75800711743772,0.6919799139167863
Winter,Odesa Oblast,Ukraine,0.1600710900473934,1.963013698630137,1.2545454545454546
Winter,Omsk Oblast,Russia,-16.768890483022478,38.68562401263823,0.6826877092300335
Winter,Opole Voivodeship,Poland,-0.5570589387115724,4.906170421155729,1.0993244566281575
Winter,Orenburg Oblast,Russia,-11.9487087517934,14.053712480252765,0.8478658536585365
Winter,Osijek-Baranja County,Croatia,1.9050149253731343,1.2407407407407407,1.4956009913258985
Winter,Oslo,Norway,-2.30643126450116,31.86675824175824,1.8818734708144007
Winter,Perm Krai,Russia,-13.526255380200862,59.360189573459714,1.6101865136298423
Winter,Piran,Slovenia,5.429194029850746,0.06466666666666666,2.1999402985074625
Winter,Pljevlja Municipality,Montenegro,1.12,73.90983606557377,2.101219512195122
Winter,Podgorica Municipality,Montenegro,7.841942148760331,0.4878048780487805,6.091869918699187
Winter,Podkarpackie Voivodeship,Poland,-1.7727827709004578,10.665881748512223,1.3640169449289807
Winter,Podlaskie Voivodeship,Poland,-2.137007815956349,7.903065964694952,1.1809228954739792
Winter,Poltava Oblast,Ukraine,-3.5553619821912505,9.159806295399516,1.5317337461300309
Winter,Pomeranian Voivodeship,Poland,-0.4263484981276392,4.633656149120067,1.126622600939715
Winter,Postojna,Slovenia,1.3234626865671644,6.155555555555556,3.7802985074626867
Winter,Prešov Region,Slovakia,-2.839330543933054,8.184354154032746,0.9847072879330945
Winter,Primorje-Gorski Kotar County,Croatia,6.667223880597015,0.022686567164179106,4.6946865671641795
Winter,Primorsky Krai,Russia,-13.523551034364848,12.43344925703446,0.5703158072982812
Winter,Pskov Oblast,Russia,-4.604035271259901,13.14217633042097,1.4364002987303959
Winter,Pärnu County,Estonia,-2.43452736318408,7.885174129353234,1.6339506172839509
Winter,Radovljica,Slovenia,-3.525269784172662,145.85702778896496,3.3266008282892643
Winter,Rapla County,Estonia,-3.713671641791045,11.026865671641792,1.5901433691756273
Winter,Region Zealand,Denmark,2.449482242190843,0.37537091988130566,1.5762460753532181
Winter,Region of Southern Denmark,Denmark,2.747981679863375,3.87987987987988,2.312061256427454
Winter,Republic of Bashkortostan,Russia,-12.251869787463008,34.47686832740214,1.1992108331091382
Winter,Republic of Dagestan,Russia,-0.559635898165268,2.002421307506053,0.938714265396103
Winter,Republic of Kalmykia,Russia,-2.677683540948847,4.526402640264027,0.612831389183457
Winter,Republic of Karakalpakstan,Uzbekistan,-1.796919431279621,0.5231316725978647,0.5234597156398104
Winter,Republic of Karelia,Russia,-8.921507410911385,29.19325961032122,1.2748968646864687
Winter,Republic of Tatarstan,Russia,-10.567629904559915,34.21958925750395,1.1918345705196183
Winter,Rhineland-Palatinate,Germany,2.2405189968150094,1.7697660677943847,2.083109725862436
Winter,Riga,Latvia,-1.9890353505092873,5.39539978094195,1.3427190332326286
Winter,Rogaland,Norway,2.0532384860921113,4.381160016454134,5.675051448472376
Winter,Rostov Oblast,Russia,-2.9088742034458344,5.277382645803699,1.4849285967189898
Winter,Ryazan Oblast,Russia,-7.68622668579627,24.02132701421801,1.422285987565758
Winter,Saare County,Estonia,-0.6749738948833972,3.87411487018096,1.269702842377261
Winter,Saarland,Germany,2.6001578092364817,1.1010992189759907,2.7982974758597328
Winter,Saint Petersburg,Russia,-4.535684399282726,12.308056872037914,1.5292887029288702
Winter,Sakha Republic,Russia,-33.69201383144171,39.41177823786519,0.3733375250260602
Winter,Sakhalin Oblast,Russia,-12.763235172812012,36.41943127962085,1.5873381176276498
Winter,Saldus Municipality,Latvia,-2.4568509615384615,4.262953367875648,1.2735099337748346
Winter,Salzburg,Austria,-2.380348356419268,181.03164556962025,2.4876376668612963
Winter,Samara Oblast,Russia,-9.991702534672406,43.30173775671406,1.3341941654710665
Winter,Samarqand Region,Uzbekistan,3.758056872037915,1.6420454545454546,1.3104265402843602
Winter,Saratov Oblast,Russia,-8.649470946915352,12.606370875995449,1.1423959827833572
Winter,Sardinia,Italy,9.024598321342925,0.0,2.445451798126322
Winter,Saxony,Germany,0.6918465914172764,9.250163662549644,1.7695697655705167
Winter,Saxony-Anhalt,Germany,1.4658267048467495,5.961055306214528,1.5735273205350075
Winter,Schleswig-Holstein,Germany,2.353261123187071,1.2592353083825074,2.2668505829900347
Winter,Scotland,United Kingdom,3.3401830688403837,0.9702127659574468,3.942734080563849
Winter,Sermersooq Municipality,Greenland,-8.541755404969345,11.15,3.273199829569663
Winter,Sevnica,Slovenia,-0.4131483715319662,16.94344262295082,2.1087431693989074
Winter,Silesian Voivodeship,Poland,-0.8849620674126165,10.95632979874486,1.5688958224995668
Winter,Skeiða- og Gnúpverjahreppur,Iceland,0.8067226890756303,1.1389121338912134,2.9800836820083685
Winter,Skåne County,Sweden,1.088537338240532,2.5615675353093295,1.772284178255654
Winter,Slovenj Gradec,Slovenia,-0.6502089552238807,6.65507839127471,1.8527980535279804
Winter,Smolensk Oblast,Russia,-5.33744019138756,20.71879936808847,1.7623655913978495
Winter,Split-Dalmatia County,Croatia,9.177458893871451,0.053448790683786204,2.355884109916368
Winter,Stockholm County,Sweden,-1.1164223397371533,8.111522830504423,1.2694744804876965
Winter,Styria,Austria,-0.5254576708207993,4.444180522565321,1.5486602400469314
Winter,Surxondaryo Region,Uzbekistan,6.129383886255924,0.11396011396011396,2.562975778546713
Winter,Svalbard,Svalbard and Jan Mayen,-8.929424827084093,12.681157694140067,1.0112221944513873
Winter,Sverdlovsk Oblast,Russia,-14.334062649450024,38.347551342812004,0.8343615494978479
Winter,Södermanland County,Sweden,-1.8522916206871185,11.2775956284153,1.246066716455066
Winter,Talsi Municipality,Latvia,-1.6038183279742766,4.45030303030303,1.3646005232441134
Winter,Tambov Oblast,Russia,-7.395193687230989,20.276461295418642,1.1718077474892397
Winter,Tartu County,Estonia,-3.938746268656717,9.450149253731343,1.4982078853046594
Winter,Thuringia,Germany,0.634943783310214,6.595554816539186,1.8628688077698463
Winter,Ticino,Switzerland,4.661009732360098,0.677242220866382,2.2061435523114357
Winter,Tomsk Oblast,Russia,-18.589022739577697,49.82359136387572,0.807152080344333
Winter,Toshkent Shahri,Uzbekistan,4.031990521327014,1.6227758007117439,1.9672985781990522
Winter,Troms og Finnmark fylke,Norway,-5.749672352936731,41.164782093849404,2.18544908360617
Winter,Trøndelag,Norway,-2.3538104862679825,30.353084476426055,2.9567163985469644
Winter,Turkistan Region,Kazakhstan,0.1014218009478673,1.564102564102564,0.9895734597156398
Winter,Tyumen Oblast,Russia,-15.903895793499046,30.35703001579779,0.6183165949306553
Winter,Udmurt Republic,Russia,-11.834696317551412,45.76777251184834,1.091869918699187
Winter,Ulytau Region,Kazakhstan,-12.367535545023697,15.142450142450143,0.5092417061611375
Winter,Upper Austria,Austria,0.07540814474450953,7.92874109263658,2.431596420869434
Winter,Uppsala County,Sweden,-1.9103140407764403,15.226298237255836,1.282001900855385
Winter,Valais,Switzerland,1.3549850746268657,1.4904191616766467,1.5994626865671642
Winter,Valga County,Estonia,-3.8252537313432837,12.23402985074627,1.4862604540023896
Winter,Varaždin County,Croatia,1.8945074626865672,3.0334928229665072,1.627402985074627
Winter,Varmland County,Sweden,-3.5554469064920307,17.517846693973084,1.676380933103937
Winter,Vaud,Switzerland,1.6389850746268657,0.7307968413496052,1.6469253731343283
Winter,Veneto,Italy,3.945800464037123,0.2658959537572254,1.390779220779221
Winter,Vestfold og Telemark,Norway,-2.1959032855827165,43.78287033220674,2.580873666940115
Winter,Vestland,Norway,-0.11995189491312824,34.34077939953546,6.579234310637267
Winter,Vienna,Austria,2.117936842105263,3.5109961190168177,1.3310055413331605
Winter,Viken,Norway,-3.4515288988393333,29.442126996165676,1.8891308718086175
Winter,Viljandi County,Estonia,-3.88644776119403,12.016119402985074,1.758721624850657
Winter,Vinnytsia Oblast,Ukraine,-3.342890995260664,13.67146282973621,0.9774881516587678
Winter,Vologda Oblast,Russia,-9.89692730750837,27.9478672985782,1.3184839789574367
Winter,Voronezh Oblast,Russia,-5.970109995217599,15.015115354017501,1.4022238163558107
Winter,Västerbotten County,Sweden,-8.316935154512866,53.1376059850374,1.4145549884422657
Winter,Västernorrland County,Sweden,-5.667827248684461,31.890633015286756,1.2853437967115098
Winter,Västmanland County,Sweden,-2.59328022875817,7.805105025259239,1.4480846325167038
Winter,Västra Götaland County,Sweden,-0.38918703142347466,7.246400143099901,1.999211772037039
Winter,Võru County,Estonia,-3.9871641791044774,9.449938195302844,1.353046594982079
Winter,Wales,United Kingdom,5.735002103491796,0.044997039668442866,2.6650166012677334
Winter,Warmian-Masurian Voivodeship,Poland,-1.9220041681139284,7.995347741593545,1.112056919428242
Winter,West Kazakhstan Region,Kazakhstan,-7.302843601895735,13.853276353276353,0.6450236966824644
Winter,West Pomeranian Voivodeship,Poland,0.6956617703021539,3.1287950664136623,1.0908697632058288
Winter,Zabaykalsky Krai,Russia,-25.044728482080814,11.401800327332243,0.1251315397597538
Winter,Zadar County,Croatia,8.19145248057382,0.03345280764635603,2.591338112305854
Winter,Zakarpattia Oblast,Ukraine,-1.1933649289099526,11.293233082706767,1.9921800947867299
Winter,Zurich,Switzerland,1.6897910447761195,2.0794135613927915,2.131318016928658
Winter,Örebro County,Sweden,-2.5718513290990357,14.792308557292252,1.7636647394743377
Winter,Östergötland County,Sweden,-1.1706426831553307,9.556718061674008,1.2225907595035113
Winter,Þingeyjarsveit,Iceland,-0.47903323262839875,18.02928870292887,1.9343933054393305
Winter,Črnomelj,Slovenia,1.95444776119403,6.151741293532338,3.1557014925373137
Winter,Łódź Voivodeship,Poland,-0.7412986445124617,4.3991382242884685,1.0118605159597727
Winter,Świętokrzyskie Voivodeship,Poland,-1.8515151515151516,7.5186378773230205,1.0331191481549478
Winter,Šibenik-Knin County,Croatia,4.999037883343355,1.6367041198501873,3.080420420420421
Winter,Žabljak Municipality,Montenegro,-1.4544303797468354,513.795918367347,4.816122448979592
Winter,Žilina Region,Slovakia,-3.566327913279133,40.3739837398374,3.343360433604336
